5 نجوم,positive
a lot of vibes,positive
adore,positive
affecting,positive
all the best,positive
allah,positive
amazing,positive
army,positive
awesome,positive
barbe,positive
beautiful,positive
beautiful performance,positive
beauty,positive
beloved,positive
best,positive
best egyption actor in the woorld,positive
best regards,positive
best song ever,positive
big and passionate greeting,positive
big like,positive
boom,positive
boss,positive
bravo,positive
bravo راجل,positive
brilliant,positive
btfl,positive
caesar arab singers,positive
calm,positive
can't wait,positive
can’t wait,positive
catchy,positive
chapeau,positive
class,positive
classical and contemporary oriental dance,positive
classy,positive
come back,positive
congratulate,positive
congratulations,positive
cool,positive
cool !! keep doing,positive
creativity,positive
cute,positive
cuteness,positive
cuteness overload,positive
deep love,positive
didn't dissapoint,positive
diva,positive
excellent,positive
excited,positive
eye opening,positive
fan,positive
fans,positive
fantastic,positive
favorite,positive
favourite,positive
full of love,positive
full package,positive
funny,positive
gentleman,positive
go on man,positive
god bless you,positive
god bless you all,positive
god bless you and all the best,positive
goddess,positive
gold,positive
gold school,positive
golden throat,positive
good,positive
good job,positive
good luck,positive
good night,positive
good old days,positive
gorgeous,positive
great,positive
great jobs,positive
great time,positive
greatest,positive
greeting,positive
greetings,positive
handsome,positive
happy,positive
happy birthday,positive
happy new year,positive
has no end,positive
hearty best wishes,positive
hero,positive
high morals,positive
hit the hit,positive
honest,positive
hospitable,positive
how much i miss her,positive
humble,positive
i cant wait,positive
i like it,positive
i love egypt,positive
i love her,positive
i love it,positive
i love it so much,positive
i love you,positive
i love you so much,positive
i love you to the moon and never back,positive
i'm addicted to this ad,positive
i'm in love with this song,positive
i'm waiting,positive
icon,positive
iconic,positive
idol,positive
ilove,positive
iloveyou,positive
insightful,positive
inspiration,positive
inspirational,positive
inspiring,positive
interested,positive
interesting,positive
it makes me dancing,positive
keep doing,positive
keep going,positive
keep going like nuclear bombs,positive
keep it like so,positive
keep it up,positive
keep up the good work,positive
kindest,positive
king,positive
king of sense,positive
l love you very much and so much,positive
l'learned so much,positive
learned so much,positive
legend,positive
legendary,positive
like,positive
like a therapie,positive
like you,positive
liked,positive
long live,positive
love,positive
love this guy,positive
love u,positive
love you,positive
love you so much,positive
loved,positive
lovely,positive
lover,positive
loves,positive
loving,positive
loving you,positive
make my day,positive
makes me smile,positive
master piece,positive
master scene,positive
masterpiece,positive
masterpiece of art,positive
melodic,positive
merci,positive
merry christmas,positive
miss u so much,positive
miss you,positive
missed,positive
missing you so much,positive
must watch,positive
my boy,positive
my childhood inspiration,positive
my daily jam,positive
my dear,positive
my favorite,positive
my soul,positive
new style,positive
nice,positive
no 1,positive
no 1 forever,positive
no buddy not even close!,positive
nr 1,positive
number 1,positive
number 1 وغصبن عن الكل,positive
number one,positive
number1,positive
oh boy,positive
oh my god,positive
oh my good,positive
old but gold,positive
old is gold,positive
omg,positive
on fire,positive
on my playlist,positive
one only,positive
original,positive
out of season,positive
out of the box,positive
peaceful,positive
perfect,positive
positive,positive
positive energy,positive
potenial,positive
power,positive
pretty,positive
prince,positive
princess,positive
pro,positive
professionnel,positive
proud,positive
purposeful,positive
queen,positive
ramadan kareem,positive
relaxing,positive
respect,positive
she still got it,positive
simple,positive
so cute,positive
special,positive
splendor,positive
star,positive
stunning,positive
stylish,positive
subscribe,positive
subscribed,positive
super,positive
super fan,positive
super star,positive
sweet dream,positive
sweetie,positive
thank,positive
thank you,positive
thanks,positive
thankyou,positive
thanx,positive
the best,positive
the best couple,positive
the best one,positive
the best singer,positive
the first and only,positive
the king,positive
the legend,positive
the one and only,positive
the top,positive
therapy session,positive
thnx,positive
thnx god,positive
thug life,positive
thumbs up,positive
top,positive
trend,positive
trending,positive
ultras,positive
undisputed,positive
unlimited creativity,positive
uplifts me,positive
valuable,positive
very addictive and contagious,positive
very romantic,positive
very well,positive
vibes,positive
vip,positive
welcome back,positive
well deserved,positive
well done,positive
well done and welcome back,positive
win,positive
wonderful,positive
wow,positive
wowowowow,positive
yes,positive
you are beautiful character,positive
you deserve,positive
you made my day,positive
أبداع,positive
أبو الرجولة,positive
أجمل,positive
أحب,positive
أحبك,positive
أحبها,positive
أحسن,positive
أحلى,positive
أحييك,positive
أرقى,positive
أروع,positive
أروعك,positive
أستاذ,positive
أستمروا للافضل,positive
أشكرك,positive
أصلي,positive
أعظم,positive
أفضل,positive
أفضل إعلان,positive
أقوى,positive
أمر,positive
أمورة,positive
أميرة,positive
أميرة الاحلام,positive
أن شاء الله,positive
أناقة,positive
أنصحكم بيها,positive
أنظف,positive
أهدي,positive
أهنئكم,positive
أهنئكم بحرارة,positive
أوصي بالاستماع,positive
أيقونة,positive
إبداعك,positive
إحساسك كالعاده لا يوصف,positive
إستثنائى,positive
إكسير النجاح,positive
إمبراطور,positive
إهداء,positive
إيجابية,positive
إيه كمية الاحساس ده,positive
ابداع,positive
ابدع,positive
ابدعت,positive
ابدعتو,positive
ابدعتوا,positive
ابطال,positive
اتبسطت,positive
اتبهرت,positive
اتفوفت علي كل حاجة,positive
اتقدمتوا كتير عن زمان,positive
اتمنالك التوفيق,positive
اتمنى كل السعادة والفرح لي,positive
اجادتهم,positive
اجلال,positive
اجمد,positive
اجمد اغنية سمعاتها,positive
اجمل,positive
اجمل أغنية في العالم,positive
اجنبي اجنبي يعني,positive
احب,positive
احببته,positive
احببك,positive
احبك,positive
احبكم,positive
احبها,positive
احترافيه,positive
احترام,positive
احساس عالى,positive
احسانا,positive
احسن,positive
احسن مسلسل,positive
احسنت,positive
احلا,positive
احلا اغنية سمعتها في عمر,positive
احلة,positive
احله,positive
احلو,positive
احلوت,positive
احلى,positive
احلي,positive
احيكم,positive
اخلاق,positive
اخلاق عالية,positive
اخيرا ur back,positive
اخيرا الاغنيه نذلت,positive
ادمان الصراحة,positive
ارتاح,positive
ارمى,positive
ارمي,positive
ارواع,positive
اروع,positive
استثنائية,positive
استمتعت,positive
استمر,positive
استمري بالابداع,positive
اسد الفن,positive
اسطورة,positive
اسطورة القرن,positive
اسطوره,positive
اسطوري,positive
اسعد,positive
اش طول عمرك,positive
اشتقنا,positive
اشجع,positive
اشعار يهز القلب,positive
اصطوري,positive
اصلي مش مضروب,positive
اعجبني,positive
اعشق,positive
اعشقك,positive
اعلان يخلد في الذاكره,positive
اغنى,positive
افتخر,positive
افصل,positive
افضل,positive
افضل الافضل,positive
افضل ممثل مصري في العالم,positive
اقبل اي احد,positive
اكتسح,positive
اكتسح وبفارق سنوات ضوئية,positive
الأجمل,positive
الأسطورة,positive
الأغنية دي hit,positive
الأغنيه دي واخداني لعالم تاني,positive
الأفضل,positive
الأمل,positive
الأنيق,positive
الإبداع,positive
الإستثنائيين,positive
الابداع,positive
الابهار,positive
الاحترافيه,positive
الاستثنائية,positive
الاسطورة,positive
الاسطوره,positive
الاصيل,positive
الافضل,positive
الامل,positive
الاوسم والاشيك والاجمل,positive
البرنس,positive
البرنسيسه,positive
البهجه,positive
البيحبهم,positive
التحيه,positive
الترند,positive
التفائل,positive
التفاوءل,positive
التقدير,positive
التواضع,positive
التوب,positive
التوفيق,positive
الجامد الكبير,positive
الجامدة,positive
الجامده,positive
الجبار,positive
الجدعنه,positive
الجمال,positive
الجمدان,positive
الجميل,positive
الجميلات,positive
الجميلة,positive
الجميلين,positive
الحب,positive
الحبى,positive
الحبيبة,positive
الحلاوة,positive
الحلوه,positive
الحمد لله على سلامتك,positive
الخرافي,positive
الخفيفه,positive
الخيال,positive
الدلع,positive
الديفا,positive
الرائع,positive
الرائعين,positive
الراجل الطبيعي التلقائي,positive
الراقي,positive
الرقي,positive
الروعة,positive
الروعه,positive
الساحر,positive
الساحرة,positive
السعادة,positive
السعاده,positive
الشاعر الكبير,positive
الشياكة,positive
الصاعدة,positive
الطيب,positive
العالمى,positive
العالمي,positive
العالمية,positive
العالي,positive
العالية,positive
العاليه,positive
العبقري,positive
العسل,positive
العشق,positive
العظمة,positive
العظمه,positive
العظيم,positive
الغاليا,positive
الغالية,positive
الف مبروك,positive
الفرح,positive
الفرحه,positive
الفنان الكبير,positive
القمر,positive
القويه,positive
الكل جاء بعد,positive
اللة ينور عليك,positive
اللذاذه,positive
اللذيذه,positive
الله اكبر,positive
الله حلوة,positive
الله عليك,positive
الله يحفظك,positive
الله يحميك,positive
الله يسعدك,positive
الله ينور بجد,positive
المبدع,positive
المبدعين,positive
المبهج,positive
المبهجة,positive
المتجدد,positive
المحترفين,positive
المحترمه,positive
المسلسل نار,positive
المشجعين,positive
المشهد ده خطير جدا,positive
المفضل,positive
المفضلة,positive
الملهمه,positive
الناجح,positive
الناجحين,positive
النجم,positive
النجم الصاعد,positive
النجمه,positive
النجومية,positive
النسخة الأصلية,positive
النقي,positive
الواو,positive
الوحش,positive
ام الدنيا,positive
امحلايا,positive
امل,positive
امورة,positive
ان شاء الله,positive
انا بسمعها على طول,positive
انا بموت بي,positive
انا بموت فيكى,positive
انا مش باسمع غير,positive
انا موت من الضحك,positive
اناقة,positive
انبهرت,positive
انت تستطيع,positive
انسانه بمعنى الكلمه,positive
انشاء الله,positive
انشكاح والابتسامه,positive
انشوفكم ابخير,positive
انــت آلحب,positive
انوثه,positive
اهداء,positive
اهضم,positive
اوروع,positive
ايجابي,positive
ايجابية,positive
ايجابيه,positive
ايقونة,positive
ايقونه,positive
ايقونه ولا تتكرر,positive
بآلتوفيق,positive
بأبها صورهم الجميلة,positive
بأفخر,positive
بألف خير,positive
باربي,positive
بارك الله لكما,positive
بالابداع,positive
بالتوفيق,positive
بالتوفيق يانجم,positive
بالفخر,positive
بالفرحة,positive
بتبهرنا,positive
بتجن,positive
بتجنن,positive
بتجنني,positive
بتحبها,positive
بتعجبني,positive
بتفرج عليها كل يوم,positive
بتمنالك صيف سعيد,positive
بجبك,positive
بجداره,positive
بجمالك,positive
بحب,positive
بحب الاغنيه من قلبي,positive
بحبك,positive
بحبكك,positive
بحبكم,positive
بحبه,positive
بحبها,positive
بحبو,positive
بحبک,positive
بخت,positive
بخير,positive
برافو,positive
براڤو,positive
برة الاطار,positive
برنس,positive
بزاف,positive
بستمتع,positive
بسمعها كل شوية,positive
بشتاق,positive
بشكر,positive
بشوفه كل شهر عالاقل مرة,positive
بصراحه حقيقي,positive
بعشق,positive
بعشقك,positive
بعشقك موت,positive
بعشقها,positive
بفرح,positive
بفرح القلب,positive
بقوه,positive
بلا منافس,positive
بموت في,positive
بموت فيك,positive
بموت فيكى,positive
بمووت فيكى,positive
بنحب,positive
بنحبك,positive
بنحبك من قلوبنا,positive
بنعشقك,positive
بهجة,positive
بوم,positive
بيجنن,positive
بيحبه,positive
بيضحكني,positive
بيعجبني,positive
بيعلق ف الدماغ,positive
بيغير مودي,positive
بينجح,positive
تجربه جديده,positive
تجنن,positive
تحفة,positive
تحفه,positive
تحمست,positive
تحيا,positive
تحياتنا,positive
تحياتى,positive
تحياتي,positive
تحية,positive
تحية حارة,positive
تحية لمصر الحبيبة,positive
تحيتي,positive
تحيه,positive
تخبل,positive
تدخل القلب,positive
تدندن كثير براسي,positive
ترحيب,positive
ترفع لك القبعة,positive
ترند,positive
ترند الاول,positive
تروق الأعصاب,positive
تريند,positive
تستاهل,positive
تستاهلو,positive
تسعدنا,positive
تسلم,positive
تسلمولي,positive
تضحكني,positive
تعبيري رائع,positive
تعجبكم,positive
تعجبني,positive
تعجني,positive
تغير مودى,positive
تفاؤل,positive
تفرح,positive
تفوق الخيال,positive
تقدمت,positive
تقدير,positive
تمنيت,positive
تموتو من الضحك,positive
تهبل,positive
تهدم الفن الهابط,positive
تواضعه,positive
توب,positive
جاحده,positive
جامد,positive
جامد فشخ,positive
جامدة,positive
جامده,positive
جامدين,positive
جامدين فشخ,positive
جاميلا,positive
جدارة,positive
جدع,positive
جديد,positive
جديدة,positive
جديده,positive
جذاب,positive
جمآل,positive
جمال,positive
جمالية,positive
جمد,positive
جمده,positive
جمهور,positive
جميل,positive
جميلة,positive
جميلة الجميلات,positive
جميلتي,positive
جميله,positive
جوهرة,positive
جيد,positive
حب,positive
حب الطفولة,positive
حبت,positive
حبتها,positive
حبنا,positive
حبناكي,positive
حبي,positive
حبيب,positive
حبيب قلبي,positive
حبيبة,positive
حبيبة القلب,positive
حبيبت,positive
حبيبتي,positive
حبيبي,positive
حبيت,positive
حبيتك,positive
حبيتها,positive
حبيتهة,positive
حبييت,positive
حكيم,positive
حكيمه,positive
حلاوة,positive
حلاوته,positive
حلاوتو,positive
حلاووة,positive
حلو,positive
حلو وخفيف,positive
حلوة,positive
حلوه,positive
حلوه جدا,positive
حلوى,positive
حلوين,positive
حلي تحيا,positive
حماسية,positive
حمدالله عالسلامة من القلب,positive
حمدللة علي السلامة,positive
حنين,positive
خارج السيطرة,positive
خراافيه,positive
خرافة,positive
خرافية,positive
خطيرين الكلمات,positive
خفة دمها,positive
خفه دمه,positive
خلوق,positive
خيال,positive
دخل التاريخ,positive
دخيل قلبك ما اجملك,positive
دمك زي الشربات,positive
دمه خفيف,positive
دمها خفيف,positive
ده بيصغر في السن,positive
دون منازع,positive
ذهبية,positive
راءع,positive
راءعة,positive
رائع,positive
رائعة,positive
رائعع,positive
رائعه,positive
رائعين,positive
راحة,positive
راقي,positive
رايق,positive
رب يحفظك,positive
ربنا معاك,positive
ربنا هيجيلك حقك,positive
ربنا يباركلك,positive
ربنا يباركلكم,positive
ربنا يحرسك,positive
ربنا يحفظك,positive
ربنا يحفظها,positive
ربنا يحمي مصر,positive
ربنا يحميك,positive
ربنا يحميكم ويحفظكم,positive
ربنا يحميكي,positive
ربنا يخليك,positive
ربنا يديك,positive
ربنا يديك الصحة,positive
ربنا يديك الصحه,positive
ربنا يديلك,positive
ربنا يزيدك,positive
ربنا يزيدك حب الناس,positive
ربنا يسعدك,positive
ربنا يشفي,positive
ربنا يكرمك,positive
ربنا يكرمها,positive
ربنا ينجحك,positive
ربنا ينجحك ويحفظك,positive
ربنا يوفقك,positive
ربنا يوفقكم واتمنا لكم التوفيق والنجاح الدائم,positive
ربنا يوقفلك,positive
ربي يحفظكم,positive
ربي يحميكي,positive
ربي يحميه,positive
ربي يسعدك يارب,positive
ربينا يشفيك,positive
رجعت ابتسامتنا,positive
رفع له القبعة,positive
رقم 1,positive
رقم واحد الحقيقي,positive
رقيقة,positive
رمضان كريم,positive
رهيب,positive
رهيبة,positive
رهيبه,positive
روح حلوة,positive
روحى,positive
روحي,positive
روعة,positive
روعه,positive
روقان,positive
رومانسية,positive
رووعة,positive
رووعه,positive
سبحان العاطي الوهاب,positive
سبسكرايب,positive
ستحقوا النجاح,positive
سعادة,positive
سعدت,positive
سعيده,positive
سكرة,positive
سنة سعيدة وسنة خير,positive
سوبر ستار,positive
سيد الابداع,positive
سيد الاغاني,positive
سيد الانتشار,positive
شابو,positive
شابوه,positive
شاطرة,positive
شبو,positive
شجن,positive
شدني,positive
شديد الدقه,positive
شرف,positive
شكر,positive
شكرآ,positive
شكرا,positive
شكران,positive
صادق,positive
صادق و جميل,positive
صايع,positive
صح كلامك,positive
صراحة,positive
صوته الماظ,positive
ضحكت,positive
ضخم,positive
طاقة إيجابية بحته,positive
طاقتها ايجابية,positive
طاقه ايجابيه,positive
طبيعية,positive
طبيعين,positive
طبيعين بشكل مش طبيعي,positive
طبيعيه,positive
طيبة,positive
طيبه,positive
طيبين,positive
طيوب,positive
ظهري,positive
عاش,positive
عالمى,positive
عالمي,positive
عالمية,positive
عالميه,positive
عالى,positive
عالي,positive
عالية,positive
عاليه,positive
عبقريه,positive
عجابني,positive
عجبتنا,positive
عجبتنى,positive
عجبتني,positive
عجبنبي,positive
عجبنتني,positive
عجبنها,positive
عجبنى,positive
عجبني,positive
عجيب,positive
عدل,positive
عزيز,positive
عزيزة الجيل الذهبي,positive
عسل,positive
عشاقك,positive
عطاء,positive
عظمة,positive
عظمه,positive
عظيم,positive
عظيمه,positive
عفويه,positive
علمتني اشياء كثييرة,positive
عمار,positive
عمالقه,positive
عملاق,positive
عملت subscribe,positive
عملت لايك,positive
عندك حق,positive
عندك معجبين,positive
عندنا نماذج فنيه,positive
عودا حميدا,positive
عودة ميمونة .في أمان الله,positive
عيد الاضحى المبارك,positive
عيد فطر مبارك,positive
غاليه,positive
غير طبيعيه,positive
فاجر,positive
فان,positive
فانز,positive
فخامة,positive
فخامة الاسم تكفي,positive
فخر,positive
فخر العرب,positive
فخم,positive
فخور,positive
فخورة,positive
فخوره,positive
فخورين,positive
فرح,positive
فرحانه,positive
فرحة,positive
فرحت,positive
فرحتنى,positive
فرحتني,positive
فرحتي,positive
فرحه,positive
فريد,positive
فشيخ,positive
فشيسييخ,positive
فن,positive
فنان,positive
فنان كبير,positive
فنان و الله,positive
فنانة,positive
فوق الخيال,positive
فوق الروعة,positive
فوق الروعه,positive
في حتة لوحدك,positive
فيلم للتاريخ,positive
قاهر النجوم,positive
قبل اي حد,positive
قدوتي,positive
قلبي,positive
قمة التواضع,positive
قمة الروعه,positive
قمة القمم,positive
قمة في إحساس,positive
قمر,positive
قمرات,positive
قمرنا,positive
قوى,positive
قوي,positive
قوية,positive
قيصر المطربين العرب,positive
كأني بشوفه اول مرة,positive
كارزما,positive
كاريزما شيك,positive
كافنان,positive
كبير,positive
كفو,positive
كفيل بإزلة التلوث السماعي,positive
كل أسبوع انتظر البرنامج,positive
كل الاحترام لك,positive
كل الحب و التقدير,positive
كل الدعم,positive
كل سنه وانتم طيبين,positive
كل سنه وانتي طيبه,positive
كل عام و انتم بخير,positive
كل عام واتنم بالف خير,positive
كل عام وانتم بخير!,positive
كلامك صح,positive
كلامها متوازن,positive
كلمة عجبتنى دى قليلة,positive
كلنا منتظرينك,positive
كلهن خلصتهن,positive
كلو تمام,positive
كم انت جميله,positive
كنج,positive
كويس,positive
كويسة,positive
كويسوه,positive
كوين,positive
كينغ,positive
كيوت,positive
لأفجر,positive
لإحلى,positive
لإحلى فنان,positive
لا يكرر نفسه,positive
لاروع,positive
لايق,positive
لايك,positive
لبق,positive
لتنظيف الأذن من أوساخ الوسط الفني,positive
لحبيبي,positive
لحلو,positive
لذيذ,positive
لذيذة,positive
لطيف,positive
لطيفة,positive
للرائعة,positive
للعالمي,positive
للنجومية,positive
لليقونة,positive
لن يتكرر,positive
لنمبر ون,positive
لوف,positive
ليس لها مثيل,positive
ليقين,positive
ليك,positive
ما اجملك,positive
ما بتفرقش قلبي,positive
ما شاء الله,positive
ما شالله,positive
ما ينزل هروح و اشوف الفلم,positive
ماتمل,positive
ماسكه فيك,positive
ماشاء ألله,positive
ماشاء الله,positive
ماشاءالله,positive
ماشاءاللہ,positive
مافيش اروع من كدا,positive
مبدع,positive
مبدعة,positive
مبدعه,positive
مبدعون,positive
مبدعين,positive
مبروك,positive
مبروك عليك,positive
مبسوط,positive
مبسوطة,positive
مبسوطه,positive
مبعملش skip ad,positive
مبهج,positive
مبهجة,positive
مبهر,positive
مبهرة,positive
متألقة,positive
متابعتك,positive
متابعكم,positive
متابعينك,positive
متتشره,positive
متحمس,positive
متحمستله,positive
متربي,positive
متعملوش skip ad,positive
متفصل بالمللي,positive
متقن,positive
متميز,positive
متواضعة,positive
مثلي العلى,positive
مجتهد,positive
مجنون,positive
مجنونة,positive
محاور عظيم,positive
محبتكم,positive
محبين,positive
محترف,positive
محترفة,positive
محترم,positive
محترمة,positive
محترمتش,positive
محترمه,positive
محستش بالملل,positive
محلي,positive
محلياه,positive
مذهل,positive
مركز أول,positive
مزبوط,positive
مزهله,positive
مزينة,positive
مسا مسا احلى لايك,positive
مستني جدا,positive
مستنياك,positive
مستنية الفلم,positive
مسح الكل بأستيكه,positive
مسلسل روعه,positive
مش حاجة عادية,positive
مش طبيعي,positive
مش طبيعية,positive
مش قادره ابطل اتفرج عليه,positive
مش مسروق,positive
مش معقول,positive
مش معقولة,positive
مش هتندم,positive
مشأ الله عليك,positive
مشاءلله,positive
مشتاقين,positive
مشرف,positive
مشرفنا,positive
مشهد قوي,positive
مشهورين,positive
معجبيك,positive
معلم,positive
مفرح,positive
مفشلتش,positive
مفهوش غلطه,positive
مفيش حد زيك,positive
مفيش كلام يوصف احساس,positive
مفيش كلام يوصف للفيلم,positive
مفيهاش ولا غلطة,positive
مقنع,positive
ملك,positive
ملك الاحساس,positive
ملك السينما,positive
ملكة,positive
ملكة جمال الكون,positive
ملكش حل,positive
ملكه,positive
مليان مشاعر,positive
مليون تحية,positive
ممتاز,positive
ممتازة,positive
ممتازه,positive
ممتع,positive
ممتعة,positive
ممتعه,positive
مميز,positive
مميزة,positive
مميـز,positive
من نجاح لنجاح,positive
من نجاح لنجاح يارب,positive
منتظر الحلقه الجايه بفارغ الصبر,positive
منتظره,positive
منتظرينك,positive
منور,positive
منور الاعلان,positive
منورتنا,positive
موفق,positive
مولعها,positive
موهوبة,positive
ميحلاش,positive
نا سمعتها فوق,positive
ناجح,positive
ناجحة,positive
ناجحه,positive
نار,positive
نبع المواهب,positive
نجاح,positive
نجاحك غير,positive
نجم,positive
نجم الجيل,positive
نجم النجوم,positive
نجمة,positive
نجمة الاستعراض,positive
نجمة جيل,positive
نجمتنا,positive
نجمتي,positive
نجمـ,positive
نجمين,positive
نجوم,positive
نحب,positive
نحبك,positive
نحبكم,positive
نحبها,positive
نخوة,positive
نستمتع,positive
نمبر one,positive
نمبر one في المعلمة,positive
نمبر وان,positive
نمبر ون,positive
نورتي,positive
هابي نيو ير,positive
هادف,positive
هادي,positive
هايل,positive
هايلة,positive
هتوحشتي,positive
هحبك,positive
هحبك أكتر من كده,positive
هذا شرف لى,positive
هسترية ضحك,positive
هموت واشوفكم,positive
هي إدمان بجد,positive
هيبة,positive
هيعجبك,positive
هيقف من الفرحة,positive
هيكسر الدنيا,positive
و لا في الخيال,positive
وأجملها,positive
وأرق,positive
وأفكارا لها معنى,positive
وأم الدنيا,positive
وأن شاء الله,positive
وإبداع,positive
وابداع,positive
وابدع,positive
واجمل,positive
واحب,positive
واحبك,positive
واحد من أهم ما انجبت,positive
واحشني,positive
واحــد بــس,positive
واحلا,positive
واحلا couple,positive
واحلى,positive
واحلي,positive
واروع,positive
واستحقاق,positive
واستماع هنيء,positive
واستمروا,positive
واضافه,positive
واعجبتني,positive
واعيه,positive
وافضل,positive
والأخلاق,positive
والأسطورة,positive
والاروع,positive
والايجابية,positive
والتفاءل,positive
والجمال,positive
والحب,positive
والحنان,positive
والخفه,positive
والدفئ اللي فيها,positive
والرجوله,positive
والروعه,positive
والسعاده,positive
والسلطان,positive
والشموخ,positive
والشهامه,positive
والشياكه,positive
والطاقة,positive
والله العظيم,positive
والله راحة,positive
والله رفعت راسنا,positive
والله يقدرني وأسعدك,positive
والمسامحه,positive
والنجاح,positive
والنجاح الكبير,positive
وان شاء الله,positive
وانقي,positive
واو,positive
وبارك عليكما,positive
وببكي كلهم,positive
وبتستاهل,positive
وبحب,positive
وبحبك,positive
وبرنس,positive
وبرنس الشاشة,positive
وبره الصنندوق,positive
وبس,positive
وبطل,positive
وبعشقك,positive
وبعشقه,positive
وبفرحنا,positive
وبموت فيك,positive
وبموت فيكى,positive
وبيحب,positive
وبيسعدنا,positive
وتتعامل بعفوية,positive
وتتواجد علي الساحه,positive
وتحيا,positive
وتحية,positive
وتحيه,positive
وتدخل الجنة,positive
وجديده,positive
وجلاد الاجيال المنافقة,positive
وجمال,positive
وجمالهم,positive
وجمع بينكما في خير,positive
وجميل,positive
وجميلة,positive
وحب,positive
وحبيبت,positive
وحبيتها,positive
وحسناء الحسناوات,positive
وحشانى,positive
وحشتني,positive
وحشتونا,positive
وحشتينا,positive
وحشتينى,positive
وحشتيني,positive
وحشتيني اوي,positive
وحشنا,positive
وحلاوة,positive
وحلو,positive
وحمايتي,positive
وحنحبك,positive
ودايما فى تقدم,positive
ودمك خفيف,positive
ودي اللقاء يخلص,positive
ورائعة,positive
وراحه بال,positive
ورهيب,positive
وروحي,positive
وسامة,positive
وسريعة,positive
وسعادتي,positive
وسكر,positive
وسلام,positive
وسمعت كل أعمالك,positive
وسندي,positive
وسوبر ستار,positive
وشدني,positive
وشرف,positive
وشغل الأفكار,positive
وشكرا,positive
وطيبة,positive
وعاجباني,positive
وعالمية,positive
وعجبت,positive
وعجبتني,positive
وعجبني,positive
وعزيزتنا,positive
وعسل,positive
وغلبانه,positive
وفخورة,positive
وفخوره,positive
وفرحة,positive
وفنان,positive
وقلبي,positive
وقمر,positive
وقوى,positive
وقيم,positive
وكريزما,positive
وكسرت الدنيا,positive
وكل الحب,positive
وكل عام وانتي بالف خير وصحه وسلامه,positive
وكمل يا باشا,positive
وكويس,positive
وكويسين,positive
ولا اقبل اى فيلم تانى,positive
ولا بلاش,positive
ولا في الخيالات,positive
ولا مليت منه,positive
ولافي الخيال,positive
وله قيمة,positive
وله قيمة ورسالة,positive
وليس fake,positive
وليه معني,positive
وما بمل,positive
ومبروك,positive
ومبسوطه,positive
ومتألق,positive
ومتألقة,positive
ومتابعه كل أعمالهم,positive
ومتقن,positive
ومتميز,positive
ومتواضع,positive
ومتواضعه,positive
ومثال فخر,positive
ومحبوب,positive
ومحترم,positive
ومحترمه,positive
ومزهقتش منها ابدا,positive
ومستمتعه,positive
ومسلية,positive
ومش قادر استني,positive
ومشهور,positive
وممتع,positive
ومميزة,positive
ومن نجاح لنجاح,positive
وناجح,positive
ونجمة,positive
ونجمة جيلي,positive
ونزلتها على موبايلي,positive
ونصائح من قلب من ذهب,positive
وهدوء,positive
ويارب تظبط,positive
ويبارك فيك,positive
ويباركلك,positive
ويحب,positive
ويحفظك,positive
ويحفظه,positive
ويخليك,positive
ويدلعنا,positive
ويديك الصحة والعافية,positive
ويستاهل,positive
ويصبرك,positive
ويكرمك,positive
يا بختك,positive
يا رب اسعدهم,positive
يا رب يبقي في حياه,positive
يا كبير,positive
يارب احفظهم,positive
يارب تخل,positive
يارب تفضل دايما في تقدم,positive
ياعسليه,positive
ياعشقي,positive
ياقمر,positive
ياكنج,positive
يالغالي,positive
يالهوى تجنن,positive
يامعلم,positive
ياملاكي,positive
يانجم,positive
يبارك فيها,positive
يباركلك,positive
يجب أن يشاهد,positive
يجنن,positive
يجننو,positive
يحلو,positive
يحيا,positive
يخربيت ابوكو,positive
يخربيت كده,positive
يخلد في الذاكره,positive
يخلي,positive
يزيحو الهم من على القلب,positive
يستاهل,positive
يستاهل oscar,positive
يستحق التقدير,positive
يسعدكن,positive
يضحكني,positive
يعجبك,positive
يعجبني,positive
يعشق,positive
يعطيك الصحة,positive
يعلي اي حد,positive
يعمل للايك,positive
يغني بكل هالاحساس,positive
يفرحنا,positive
يفنن,positive
يكرمك,positive
يلمس قلوبنا,positive
يليق,positive
ينجم,positive
a piece of shit,negative
abusive,negative
another fail,negative
arrogant,negative
bad,negative
big flop,negative
boring,negative
brain washed,negative
cheap,negative
cringe,negative
cringe af,negative
desprerate,negative
dis like,negative
disappointed,negative
disgusting,negative
dislike,negative
dislike جماعي,negative
diss like,negative
disslike,negative
doesn't work with the dress,negative
don't like,negative
dont like,negative
eggs,negative
empty phrases,negative
fail,negative
fake,negative
fuck,negative
gay,negative
haters,negative
heavy load of shit,negative
i don't like it,negative
idiots,negative
infect,negative
it's nonsense,negative
junk,negative
lack of respect,negative
loser,negative
losers,negative
low,negative
low class,negative
mean,negative
minus one,negative
naive,negative
no,negative
no comment,negative
no concept at all,negative
no ethics,negative
no one,negative
no way,negative
not a brave,negative
not good,negative
not love,negative
not very good,negative
number 0,negative
number zero,negative
on steroids,negative
out of tune,negative
over,negative
over acting,negative
overdose,negative
overrated,negative
poor,negative
report,negative
retarded,negative
shame,negative
shit,negative
sick,negative
sold his soul,negative
sorry,negative
stupid,negative
toxic,negative
true idenitity crisis,negative
un like,negative
under age,negative
unlike,negative
unsubscribe,negative
very stupid,negative
virus,negative
wake up,negative
waste,negative
weird,negative
what this junk,negative
worse,negative
worst,negative
wtf,negative
you do not represent us,negative
you talk too much!,negative
zero,negative
أخطاء,negative
أخطاء هواه,negative
أداءها مش مثل زمان,negative
أسوء,negative
أسوأ,negative
أشتم,negative
أعداء النجاح,negative
أعداء نجاح,negative
أعمل dislike,negative
أوحش,negative
أوفر,negative
إتفوا,negative
إحترموا نفسكم,negative
إسفاف,negative
ابن الهبله,negative
ابيخ,negative
اتحرقت,negative
اتشدتلها,negative
اتفه,negative
اتفوة,negative
اتقرفت,negative
اتنرفزت,negative
اتنين جنيه,negative
احبة,negative
احبطكم,negative
احساسهم مات,negative
احساسهم مـات,negative
احقر,negative
احلى dislike,negative
اخخ,negative
اخرا,negative
ارحمونا,negative
ارهابي,negative
ازاي كدا,negative
ازبل,negative
ازعاجا,negative
استخفاف,negative
استخفاف بالعقول,negative
استهتار,negative
استهزاء,negative
اسخف,negative
اسوء,negative
اسوأ,negative
اسواء,negative
اشهار,negative
اعاقه,negative
اعداء الانسانيه,negative
اعداء نجاح,negative
اعمل dislike,negative
اعمل unlike,negative
اعملك dislike,negative
اعمي,negative
اغبى,negative
اغبيا,negative
اغبياء,negative
اغضبنى,negative
افشل,negative
اقرف,negative
اكبر و اتخن dislike,negative
اكره,negative
اكيد قطعيين ودنهم,negative
الأهبل,negative
الأوفر,negative
الاجرام,negative
الاحمق,negative
الاحول,negative
الاستغلال,negative
الاعمى,negative
الافورة,negative
الافيهات متكررة,negative
الاكتاب,negative
الانجاس,negative
الاندر ايدج,negative
الاهبل,negative
الاوساخ,negative
الاوفر,negative
البذئ,negative
البذيء,negative
البضان,negative
البهايم,negative
البيضحباطى,negative
التافها,negative
التخلف,negative
التعري,negative
التعريص,negative
التفاهة,negative
التفاهه,negative
التقليد,negative
التنفيذ مدخلش على الناس,negative
الجاحد,negative
الجاحده,negative
الجحاش,negative
الجواميس,negative
الحرامي,negative
الحرامية,negative
الحراميه,negative
الحزن,negative
الحشيش,negative
الحلاليف,negative
الحمير,negative
الحيوان,negative
الحيوانات,negative
الخرا,negative
الخرائي,negative
الخرة,negative
الخري,negative
الدس لايكات,negative
الديلر,negative
الديلرز,negative
الديلرز ورجالتهم,negative
الرخم,negative
الرخيص,negative
الزبالة,negative
الزباله,negative
الزفت,negative
السخيف,negative
السخيفه,negative
السرسجية,negative
السرقه,negative
السف,negative
السفه,negative
السفهاء,negative
السوء,negative
السيء,negative
السيس,negative
الشاذ,negative
الشهوانية,negative
الشيطان,negative
العبيط,negative
العبيطه,negative
العرر,negative
العرص,negative
العرصات,negative
العلوق,negative
العيال السيس,negative
العيب,negative
العيوب,negative
الغبي,negative
الغبية,negative
الغرور,negative
الغريب,negative
الغش,negative
الغلاسة,negative
الغم,negative
الفاجر,negative
الفاسد,negative
الفاشل,negative
الفشلة,negative
الفضايح,negative
الفضيحة,negative
الفن الساقط,negative
الفن الهابط,negative
القاذورات,negative
القرف,negative
الكتيانه,negative
الكدابين,negative
الكدبين,negative
الكذابين,negative
الكذب,negative
الكراهية,negative
الله يلعنهم,negative
المتحرشين,negative
المتخلفة,negative
المتخلفين,negative
المتخلفين عقليا,negative
المتوحدين,negative
المجرمة,negative
المجنون,negative
المخدرات,negative
المخدرة,negative
المرضى,negative
المره دي out,negative
المسونيه,negative
المشكلة,negative
المشكله,negative
المعاقين,negative
المعرص,negative
المعرصين,negative
المعقدين,negative
المعيز,negative
المغرورين,negative
المفضوحين,negative
المقرف,negative
المقرفة,negative
الممحونة,negative
الناس كلها تعمل unlike,negative
الناقص,negative
النجس,negative
النصابين,negative
النكرة,negative
الهبل,negative
الهري,negative
الهطل,negative
الهلس,negative
الهواة,negative
الوحشين,negative
الوساخة,negative
الوسخة,negative
امراض نفسية,negative
امموت,negative
انت بروح امك,negative
انت لا تمثلنا,negative
انتقد,negative
انتو ازاى بجد,negative
انتو ازاي كدا,negative
انتو بتفكروا ازاي,negative
انتو متاجرين مثلا,negative
انتو محتاجين تتعالجوا,negative
انتو ناس طبيعية,negative
انتوا ازاي كدا,negative
انتوا ايه بالظبط,negative
انتوا طبيعين,negative
انتوا طبيعيين,negative
انتوا ناس معاقين,negative
انتي اقل من هذا بكثير,negative
انجلطت,negative
انسلاخ,negative
انشالله كلكم في جهنم,negative
انفخهم,negative
اهبل,negative
اوحش,negative
اوساخ,negative
اوسخ,negative
اوف,negative
اوفر,negative
اي كلام وخلاص,negative
ايه الارف دا,negative
بأسخف,negative
بإعدام,negative
باقف,negative
بايخ,negative
بايخة,negative
بايظه,negative
بتتعاد,negative
بتستهبل,negative
بتفشخر,negative
بتفشل,negative
بتفكروا ازاي,negative
بتفهموا منين,negative
بتكره,negative
بتلاته جنى,negative
بتنصب,negative
بجاحه,negative
بجنيه,negative
بجنيه و ربع,negative
بحبطك,negative
بدون مستوى,negative
براس كلب,negative
بربع جنيه,negative
برج الكلب,negative
برج ايه,negative
بريال,negative
بسمعو وبشوفو متلنا عادي,negative
بشر ذيينا بردو,negative
بشر عاديين,negative
بشعة,negative
بضان,negative
بطئ,negative
بعد اي حد,negative
بعقدهم,negative
بغل,negative
بكره,negative
بكرهك,negative
بلطجي,negative
بنت الجزمه,negative
بهايم,negative
بهيم,negative
بوظتها,negative
بيتريق,negative
بيستظرفو,negative
بيسمعو منين,negative
بيسمعوا منين,negative
بيض,negative
بيفهمش,negative
بيفهمو منين,negative
بيفهموا زي البشر,negative
بيقلد,negative
بيقولو لعقلهم اي,negative
بيكدبوا,negative
بيكرهوك,negative
تأخر دماغي,negative
تافة,negative
تافه,negative
تافهة,negative
تبا لك,negative
تبوظ,negative
تتغر,negative
تجار الحشيش,negative
تجار المخدرات,negative
تحترقو,negative
تستغل,negative
تضحكو على المشاهدين,negative
تعب,negative
تعبانة,negative
تعبانه,negative
تعبانين,negative
تعتزلى,negative
تعريص,negative
تعفن,negative
تغشوا,negative
تغيض,negative
تفتى,negative
تفو,negative
تفوه,negative
تقلدو,negative
تقليد,negative
تقيل,negative
تكذب,negative
تكذبوا,negative
تكذبون,negative
تكرار الأخطاء,negative
تكرار غير طبيعي,negative
تلزيق,negative
تلوث بصري,negative
تلوث بصري و سمعي,negative
تنرفز,negative
توحد,negative
ثقل هالدم,negative
جاتكوا داهيه,negative
جاحد,negative
جاهل,negative
جاهل اخلاقيا,negative
جاية من كوكب تاني,negative
جايين منين دول,negative
جبان,negative
جحش,negative
جنيه,negative
حاقدين,negative
حاله داون,negative
حتا اللياقة البدنية معندوش,negative
حرام,negative
حرام عليكم,negative
حرامى,negative
حراميا,negative
حرامين,negative
حرقت,negative
حرقتوا,negative
حرمية,negative
حرميه,negative
حسبي الله و النعم في وكيلي,negative
حسبي الله و نعم الوكيل,negative
حسبي الله ونعم الوكيل,negative
حقد,negative
حقود,negative
حلوف,negative
حمار,negative
حمير,negative
حوار فقير,negative
حيوان,negative
خاربه,negative
خافت,negative
خدعه,negative
خرا,negative
خربتوا,negative
خرة,negative
خره,negative
خرى,negative
خطأ,negative
خلاص انتهي,negative
خيبة,negative
دس لايك,negative
دعوت عليك,negative
دماغهم اخرام,negative
دمك تقيل,negative
دمكو تقل اوي,negative
دمها تقیل,negative
دمها سم,negative
دوس unlike,negative
دول بنى ادمين,negative
دول تعبانين,negative
دى بتفكر ازاى,negative
دي جالها قلب ازاي,negative
دي من الفضاء,negative
ديسلايك,negative
ديلارز,negative
ذنوب,negative
ذنوبها,negative
ذنوبها كتير,negative
راحت لهيبة,negative
ربع جنيه,negative
ربع دينار,negative
ربنا عمال يضلك,negative
ربنا لا تؤاخذنا بما فعل السفهاء منا,negative
ربنا يحرق قلوبكم,negative
ربنا ينتقم منك,negative
ربنا ينتقم منهم,negative
ربنا يهديهم,negative
رخيص,negative
رديء,negative
رقم صفر,negative
زبالة,negative
زباله,negative
زفت,negative
زهقت,negative
زهقتونا,negative
زومبي,negative
زى الزفت,negative
زي الزفت,negative
زي القرف,negative
سارق,negative
سارقه,negative
سارقين,negative
سارقيين,negative
سخيف,negative
سخيفة,negative
سخيفه,negative
سذاجه,negative
سرسجي,negative
سرقة,negative
سرقه,negative
سفالتها,negative
سلبية,negative
سليية,negative
سم,negative
سي,negative
سيء,negative
سيئة,negative
سيئه,negative
سيفشل,negative
شایفە نفسها,negative
شحاتين,negative
شحاتين اللايكات,negative
شديد اللزوجة,negative
شكلها مبوز,negative
شكوى,negative
شنيعه,negative
شهواني,negative
شوهو,negative
شيف نفسك,negative
ضاربين حاجة,negative
ضارة,negative
ضعيف,negative
ضعيفة,negative
ضيعت,negative
طرش,negative
طورش,negative
ع الكوكب اذاي,negative
عاق,negative
عاقين,negative
عالتفاهه,negative
عالخره,negative
عامله dislike دول طبيعين,negative
عامله unlike دي طبيعية,negative
عاملها dislike,negative
عايشين إزاي,negative
عبيط,negative
عبيطة,negative
عدم إعجاب,negative
عدم التوفيق,negative
عدويين النجاح,negative
عديمين الذوق,negative
عرص,negative
عقل زينا كده,negative
عقلكو فين,negative
علق,negative
عملت dis like,negative
عند أمه,negative
عندهم ودان بيسمعوا بيها زينا,negative
عيانة,negative
عيب,negative
عيب عليكم,negative
غباء,negative
غبى,negative
غبي,negative
غبية,negative
غرور,negative
غرورهم,negative
غريبة,negative
غش,negative
غضب,negative
غل,negative
غلط,negative
غلطه,negative
غير موفقة,negative
فاشل,negative
فاشلة,negative
فاشله,negative
فاشلين,negative
فاشلين معنويا,negative
فاضح,negative
فشخ,negative
فن هابط,negative
في حاجه غلط,negative
فين الابداع,negative
فين الكريتيفيتي,negative
قاسية,negative
قاطعو قناة,negative
قافلاني,negative
قديم,negative
قذر,negative
قذره,negative
قرف,negative
قلبو حجر,negative
قلدوا,negative
قلش,negative
قليل الادب,negative
قليله ادب,negative
كانو الانسان ذبابه,negative
كترة اعلانات الفارغة,negative
كتير كده,negative
كداب,negative
كدابين,negative
كدب,negative
كذاب,negative
كذابين,negative
كذب,negative
كرهت,negative
كرهتنا,negative
كفايا غلطات بئ,negative
كفره,negative
كل يعمل dislike,negative
كلاب,negative
كلب,negative
كلبه,negative
كلمات ضعيفة,negative
كلو يعمل dislike,negative
كنا سمعنا صوت روبوت,negative
لا افكار سينمائية,negative
لا انجاز,negative
لا بيفهموا,negative
لا جديد,negative
لا شكل,negative
لا صوت,negative
لا عبقريه,negative
لا كلام,negative
لا كلمات,negative
لا لحن,negative
لا موسيقى,negative
لا يستحق المشاهدة,negative
لا يوجد أي إبداع,negative
لاخرا,negative
لايعجبني,negative
لحس دماغك,negative
لص,negative
لطخ,negative
لفن الرخيص,negative
للأسف,negative
للاسف,negative
للشياطين,negative
للشيطان,negative
للقرف,negative
لو عندك دم امسحها,negative
مؤفورة,negative
ما بتحسوش,negative
ما بتفهم,negative
ما بقاش فيه مصدقيه,negative
ما بيفهمش,negative
ما حرمه الله,negative
ما عجبني,negative
ما يستاهل,negative
ما ينفعش,negative
ما ينفعش كده,negative
مابتفهمش,negative
ماتخسرش,negative
ماتستاهل,negative
ماسكين الفون بالمقلوب,negative
ماسوني,negative
ماعجبتنيش,negative
ماعندهاش زوق,negative
ماعندهومش احساس,negative
مافيش أي إجتهاد,negative
مافيهاش حاجة واحدة جديدة,negative
مالت,negative
مالهم طعم,negative
مايعجبكم,negative
مايعرفوش,negative
مايعرفون,negative
ماينص وان,negative
مبالغ,negative
مبالغ فيه,negative
مبتضحكش,negative
مبتعرفش تمثل,negative
مبتفهمش,negative
مبتفهموش,negative
مبيسمعوش,negative
مبيفهمش,negative
متحرش,negative
متحرشين,negative
متخلف,negative
متخلف عقليا,negative
متخلفة,negative
متخلفه,negative
متخلفين,negative
متسول,negative
متصنعة,negative
متفترقوش,negative
متكبر,negative
متكرر,negative
متناقضة,negative
متوحد,negative
متوحدة,negative
متوحدين,negative
مثاليه فى الجهل,negative
محبتش,negative
محتاجه دكتور نفسي,negative
محتاجين تتعالجوا,negative
محدش هيدخل الفيلم دا,negative
محروقين,negative
محن,negative
مختل,negative
مختل عقليا,negative
مختلين,negative
مدمن,negative
مدمنين,negative
مدهول,negative
مرضه نفسيا,negative
مرضى نفسيين,negative
مرضي,negative
مريب,negative
مريض,negative
مريضة,negative
مريضة نفسيا,negative
مريضه,negative
مزاطيل,negative
مزعج,negative
مزعجة,negative
مزيف,negative
مزيفة,negative
مستحملين نفسهم ازاى,negative
مستغربكم,negative
مستفز,negative
مستفزة,negative
مستهلكة,negative
مستواكم نزل,negative
مسخ,negative
مسخرة,negative
مسخره,negative
مسروق,negative
مسروقة,negative
مسروقه,negative
مش احلى,negative
مش اسف,negative
مش بتعرف تتكلم,negative
مش بمستوى,negative
مش بنى ادم,negative
مش بني ادم,negative
مش بني ادمين,negative
مش بيفهم,negative
مش بيفهمو,negative
مش بيفهموا,negative
مش حلو,negative
مش حلوة,negative
مش خسارة,negative
مش راجل,negative
مش سامع فيهم,negative
مش سويت,negative
مش طبيعين,negative
مش عاجباه,negative
مش عاجبكم,negative
مش عاجبني,negative
مش عاجبه,negative
مش عاجبهم,negative
مش عارفين تعملوا,negative
مش عاقلة,negative
مش عجباني,negative
مش عجبهم,negative
مش فاهم,negative
مش قادر يطلع من دوامة التكرار,negative
مش قد كدة,negative
مش كل الناس بتفهم,negative
مش كويس,negative
مش كويسين,negative
مش مؤهلة,negative
مش مرتقي,negative
مش من كوكبنا,negative
مش نضيف,negative
مش هاتموت موتة طبيعية,negative
مش هتفرج علي الشو دا تاني,negative
مش هيموتو موته طبيعية,negative
مشخصاتي,negative
مشكلات,negative
مشكلة,negative
مشكله,negative
مطاوي,negative
معاق,negative
معفن,negative
معفنه,negative
معقد,negative
معندكش قبول بربع جنيه,negative
معندكمش ضمير,negative
معندكوش احساس,negative
معندهمش احساس,negative
معندوش جديد,negative
معندوش دم,negative
معندوش ذوق,negative
مفبرك,negative
مفهاش اى ابتكار,negative
مفيش ابداع,negative
مفيش ابهار,negative
مفيش احساس,negative
مفيش اي ابداع,negative
مفيش حاجة جديدة,negative
مفيش فايدة,negative
مفيش فايده,negative
مقرف,negative
مقرفة,negative
مقزز,negative
ملعوبة غلط,negative
ملهوش اي لازمه,negative
ملوثه,negative
مليون dislike,negative
ممل,negative
من انحدار لانحدا,negative
من سكان المعادي,negative
من فشل لفشل,negative
منايك,negative
منحط,negative
منشفش الاشكال دي تاني,negative
منكم لله,negative
مهرجون,negative
مو حلوة,negative
مو راجل,negative
مو طبيعية,negative
مواليد برج الكلب,negative
موش بيفهمو,negative
ميتن,negative
ميعجبنيش,negative
ميعرفوش,negative
ميعملوش مبتدء,negative
مکروهە,negative
ناس مبتعرفش تسمع,negative
نبطل نحت,negative
نسرق,negative
نشاز,negative
نصابة,negative
نصابين,negative
نيله,negative
هابط,negative
هايف,negative
هبل,negative
هبلة,negative
هتدفن,negative
هتفضل قليل,negative
هحبط,negative
هرتله,negative
هري,negative
هشتم,negative
هلفوت,negative
هواه,negative
هيافة,negative
هيروحو من ربنا فين,negative
هيصة,negative
هيقطع شرايينه,negative
و بدون هدف,negative
وأحلى dislike,negative
واحنا اللي بنعمله قيمه للاسف,negative
واخد في نفسه قلم كبير,negative
واداء شبه منعدم,negative
واطي,negative
واعداء للنجاح,negative
واقرف,negative
واكبر dislike,negative
واكره,negative
والبقر,negative
والتطبيل,negative
والغرور,negative
والغم,negative
والقرف,negative
والمشهد اكتر من المبالغه,negative
وباعت ضميرها,negative
وبكره,negative
وتعتزلى,negative
وتفاهة,negative
وتفقعو,negative
وتقرفونا,negative
وتقليد,negative
وتلقيح,negative
وجعلي دماغي,negative
وحش,negative
وحشة,negative
وحشه,negative
وحشو,negative
وحيوانات,negative
ودانها ملوثه,negative
ودانهم مقطوشة,negative
وربنا يولع فيكم,negative
ورخص,negative
ورخم,negative
وزباله,negative
وساخة,negative
وسخة,negative
وعجن,negative
وغبى,negative
وفسا,negative
وقاحة,negative
وقديمة,negative
وقلت احترام,negative
وكدابه,negative
وكل الناس تحط unlike,negative
ولأد الفشلة,negative
ولا أي حاجة,negative
ولا بيحسوا,negative
ولا تربیە,negative
ولا راجل,negative
ولا عنده ذوق,negative
ولا ليكوا لازمة,negative
ولا مبيعرفوش يسمعوا,negative
ولا مشاعر,negative
ولا منظر بني آدم,negative
ولا ودودة,negative
ولاد المره,negative
ولاد الوسخة,negative
ولاد الوسخه,negative
ولاد وسخه,negative
وماعجبتنيش,negative
ومحدش فاهم حاجة,negative
ومش اسف,negative
ومش لطيفة,negative
ومش محترم,negative
ومكرر,negative
ونخلص منهم,negative
وهبل,negative
ويقلد,negative
ويموتو مع بعض,negative
يأخذهم الفلبن,negative
ياجحش,negative
ياسرسجى,negative
يافاشل,negative
يالهوى,negative
يالهوى عالتفاهه,negative
يامطبع,negative
يانصابه,negative
يتبهى,negative
يتحاكموا,negative
يتشنقو,negative
يجيب الجلطة,negative
يحرق الدم,negative
يحرق قلوبكم,negative
يحموك ف كنكة,negative
يخرب بيت,negative
يخربيت,negative
يستفز,negative
يطخة,negative
يع,negative
يعمل dislike,negative
يغور,negative
يغوروا في دهيا,negative
يقرفنا,negative
يقلد,negative
يلعن,negative
يلعنهم,negative
ينتقم,negative
ينعل,negative
يولع فيكم,negative
٢جنيه,negative